"References","Quantity","Value","Description","KiCad_Symbol","Footprint","Manufacturer","MPN","Datasheet_URL","Notes","Status","Unit_Price_EUR","Supplier_URL"
"U1","1","XIAO RP2040","Controller module with USB-C","Seeed_XIAO:XIAO-RP2040-DIP","Seeed_XIAO:XIAO-RP2040-DIP","Seeed Studio","102010428","https://wiki.seeedstudio.com/XIAO-RP2040/","Project symbol adapted from official Seeed symbol for the 14 side pins. Official DIP footprint with unavailable 3D references removed. See hardware/Lichtreaktor/libraries/SOURCES.md.","Design selection; price pending","",""
"MODULE_SOCKETS","2","Socket 1x07 2.54mm","Female socket for XIAO module","","","","","","Purchased mounting parts; already represented by the module DIP footprint, not additional schematic symbols. Rows 15.24mm apart. Check socket height and USB clearance before ordering.","Mechanical part selection pending","",""
"MODULE_HEADERS","2","Header 1x07 2.54mm","Male header fitted to XIAO module","","","","","","Only needed if module does not already include soldered headers. Not an extra component in the carrier schematic.","Check module contents","",""
"D1, D2, D3, D4, D5, D6, D7, D8, D9, D10, D11, D12, D13, D14, D15, D16, D17, D18, D19, D20, D21, D22, D23, D24","24","WP7113QBD/D","Blue diffuse 5mm LED","Device:LED","LED_THT:LED_D5.0mm","Kingbright","WP7113QBD/D","https://www.kingbrightusa.com/images/catalog/SPEC/WP7113QBD-D.pdf","Six groups of four parallel branches. Each LED has its own 220 ohm series resistor. Symbol pin 1=K (cathode); pin 2=A (anode).","Design selection; price pending","",""
"R1, R2, R3, R4, R7, R8, R10, R12, R13, R14, R16, R18, R19, R20, R22, R24, R25, R26, R28, R30, R31, R32, R34, R36","24","220R","LED current-limiting resistor; 0.25W; 1%","Device:R","Resistor_THT:R_Axial_DIN0207_L6.3mm_D2.5mm_P7.62mm_Horizontal","","","","One resistor per LED. Nominal estimate: (5V - 3.3V - 0.2V) / 220 ohm = 6.8mA. Actual current depends on LED and transistor. Select body approximately 6.3 x 2.5mm.","Exact part and price pending","",""
"Q1, Q2, Q3, Q4, Q5, Q6","6","BC337","NPN transistor switching one LED group to ground","Transistor_BJT:BC337","Package_TO_SOT_THT:TO-92_Inline","onsemi","BC33725BU","https://www.onsemi.com/pdf/datasheet/bc337-fsc-d.pdf","Straight-lead BU package. Pin 1=collector; 2=base; 3=emitter. Use 470 ohm from GPIO to base and 100k from base to emitter. Do not substitute a transistor without checking pinout.","Design selection; price pending","",""
"R5, R9, R15, R21, R27, R33","6","470R","Transistor base resistor; 0.25W; 1%","Device:R","Resistor_THT:R_Axial_DIN0207_L6.3mm_D2.5mm_P7.62mm_Horizontal","","","","Limits GPIO current into transistor base. About (3.3V - 0.8V) / 470 ohm = 5.3mA per enabled group. Confirm GPIO drive configuration in firmware.","Exact part and price pending","",""
"R6, R11, R17, R23, R29, R35","6","100k","Transistor base pull-down resistor; 0.25W; 1%","Device:R","Resistor_THT:R_Axial_DIN0207_L6.3mm_D2.5mm_P7.62mm_Horizontal","","","","One between base and emitter of each transistor. Keeps LEDs off while GPIO is not driven during boot/reset.","Exact part and price pending","",""
"SW1","1","EC11E18244A5","Rotary encoder with momentary push switch","Device:RotaryEncoder_Switch_MP","Rotary_Encoder:RotaryEncoder_Alps_EC11E-Switch_Vertical_H20mm","Alps Alpine","EC11E18244A5","https://tech.alpsalpine.com/e/products/detail/EC11E18244A5/","18 pulses; 36 detents; 20mm flat shaft. Encoder common and one switch contact to GND. A/B and other switch contact to GPIO with 3.3V pull-ups. Software debouncing required. Final dimensions must be compared with selected part drawing before PCB release.","Design selection; mechanical check and price pending","",""
"R37, R38, R39","3","10k","Encoder A/B and push-switch pull-up; 0.25W; 1%","Device:R","Resistor_THT:R_Axial_DIN0207_L6.3mm_D2.5mm_P7.62mm_Horizontal","","","","One from each of encoder A/B and switch GPIO to 3V3. Never pull these GPIO signals up to 5V.","Exact part and price pending","",""
"C1","1","100nF","Ceramic supply decoupling capacitor; >=25V","Device:C","Capacitor_THT:C_Disc_D5.0mm_W2.5mm_P5.00mm","","","","Between +5V and GND near LED supply distribution. Select 5mm lead pitch and body fitting this footprint. XIAO already has onboard regulator decoupling.","Exact part and price pending","",""
"PCB","1","Lichtreaktor carrier","Custom two-layer PCB","","","","","","Round two-layer PCB; 90mm diameter (45mm radius). LED centre ring radius 38mm. Placement in progress; not routed or fabrication-ready. USB power through XIAO only; no battery or separate power input.","Layout and fabrication quote pending","",""
